{
    "기자": 6.113884698644418,
    "교회": 4.613823819313277,
    "이명수": 4.1063476249074,
    "나라": 3.931090512756228,
    "목사": 3.8652604854203148,
    "국회": 3.315472865383045,
    "김건희": 3.06500072683916,
    "의원": 2.9499991284960454,
    "대한민국": 2.6971928755072327,
    "소리": 2.5703185843926635,
    "내란": 2.5347324246509224,
    "국민": 2.4309177907237096,
    "윤석열": 2.185496702935399,
    "검찰": 2.1823362746731045,
    "후원": 2.156451647868989,
    "감사": 2.0089576784785725,
    "계엄": 1.9454194033482803,
    "방송": 1.9157320726964997,
    "서울": 1.8852278243228051,
    "매불쇼": 1.8274233120733343,
    "민주당": 1.7938046681044675,
    "탄핵": 1.7369709883579354,
    "정도": 1.7160920503871333,
    "문형배": 1.7033033629867118,
    "재판관": 1.6660613349208662,
    "이상": 1.659231081378107,
    "뉴스": 1.6257730513937827,
    "하나님": 1.623052690396991,
    "사회": 1.5971964505230756,
    "기독교": 1.5900617494370626,
    "극우": 1.5809604972673208,
    "처벌": 1.557889639963998,
    "인간": 1.5296029276706262,
    "김진애": 1.5135607469385661,
    "경찰": 1.5126006146680755,
    "개신교": 1.4957135493938027,
    "단전": 1.491082322102061,
    "최욱": 1.4349517650697887,
    "응원": 1.4284940672349022,
    "인수": 1.419246147333523,
    "정보": 1.386204804178512,
    "정치": 1.3843199668911605,
    "생각": 1.3481236501098115,
    "소방": 1.3390193090808817,
    "대통령": 1.3318044796384516,
    "가짜": 1.3234834697355682,
    "세력": 1.3213751664068676,
    "전광": 1.3096943000060381,
    "나경원": 1.3089267489149026,
    "이철규": 1.3039360126826174,
    "파도": 1.2702239835142706,
    "예수": 1.262788844318841,
    "이름": 1.244462802313774,
    "지금": 1.2222482024882506,
    "한국": 1.1957946798772872,
    "찰리": 1.1454956063702628,
    "여자": 1.1405416549239131,
    "배현진": 1.1138646987333587,
    "종교": 1.1076615797048506,
    "문제": 1.0978614639055722,
    "세상": 1.0949250598875147,
    "시간": 1.0765061287667415,
    "필요": 1.0681628116066555,
    "수사": 1.04819686268441,
    "조사": 1.045956142911674,
    "사건": 1.0391235571699347,
    "정신": 1.0261621462533705,
    "텐프로": 1.0132344406997609,
    "정권": 1.0112217436147986,
    "헌재": 1.0111454629155143,
    "취재": 1.0061393076572147,
    "역사": 1.0009550852765512,
    "손현": 0.9933284721066893,
    "인권": 0.9795691491574775,
    "해체": 0.9725843190677113,
    "이유": 0.9717479107287482,
    "집단": 0.960084129349712,
    "얘기": 0.9576138742205863,
    "동성애": 0.9397848617711441,
    "차단": 0.9387308050054294,
    "내용": 0.9170241458921606,
    "사실": 0.896240605733807,
    "지지": 0.878289905870701,
    "이야기": 0.8773657475116384,
    "쥴리": 0.8603111607587561,
    "최고": 0.8567174101444415,
    "장관": 0.8517664360983735,
    "시대": 0.8427716527793496,
    "출연": 0.8408565333821826,
    "전기": 0.8385238672342837,
    "언론": 0.8156210913855965,
    "출신": 0.8129762548696134,
    "상원": 0.8039392429093256,
    "고소": 0.7975471982506265,
    "정상": 0.7857712280581007,
    "고발": 0.783581969657832,
    "집회": 0.7732805821579798,
    "영화": 0.7591469269775025,
    "임명장": 0.7464097978209258,
    "성경": 0.741317968619919,
    "설명": 0.7371450020636162,
    "이재명": 0.7356957634745181,
    "영상": 0.7285339224466075,
    "현실": 0.722704238664231,
    "현지": 0.7222591011054943,
    "술집": 0.719901351414444,
    "악마": 0.710473168290199,
    "기도": 0.7089293044581052,
    "체제": 0.7077868530581302,
    "마담": 0.6932148158946809,
    "사이": 0.6912929850180835,
    "대표": 0.6848156571617063,
    "거짓": 0.6843377605504605,
    "룸싸롱": 0.6791825779933934,
    "장인": 0.6753691709603724,
    "짜증": 0.6728735211089478,
    "명예": 0.6673067353892528,
    "세금": 0.6667225903072624,
    "반대": 0.6653946024961453,
    "범죄": 0.6554539234371778,
    "정의": 0.6543385846874211,
    "최영": 0.6515584063086659,
    "구속": 0.6504215784456487,
    "국가": 0.6419092833008824,
    "나무": 0.6349143247528084,
    "선동": 0.6320908013606024,
    "소름": 0.6320295806057794,
    "김현태": 0.6275695304810144,
    "진행": 0.6262503231335402,
    "보도": 0.6254541973855171,
    "이해": 0.6246234197687011,
    "훼손": 0.6236721860835748,
    "상식": 0.6217681963072925,
    "상황": 0.6186921986692988,
    "다음": 0.6181922276888303,
    "우리": 0.6167440109535811,
    "천하": 0.6155426074683317,
    "김용": 0.612573372729047,
    "파면": 0.6081512764565777,
    "개판": 0.6073173145979155,
    "민병덕": 0.6039908578761111,
    "사랑": 0.6000436551879655,
    "장식": 0.5952986501213946,
    "좀비": 0.5936535949201966,
    "개인": 0.588695756180607,
    "정부": 0.5822690646406743,
    "직원": 0.5795704336797849,
    "줄리": 0.5749049907089031,
    "교인": 0.574592532845086,
    "공개": 0.5727683344704797,
    "성일": 0.56707419101212,
    "해석": 0.5623404400019939,
    "가족": 0.5610099398810722,
    "이지선": 0.5604755228081927,
    "해킹": 0.5601030785848964,
    "오윤혜": 0.5582844252061743,
    "조선": 0.5569628732297346,
    "선거": 0.5567280938979434,
    "전쟁": 0.5508776077413544,
    "도청": 0.5496118879390213,
    "자신": 0.5493101399090374,
    "검사": 0.5459226935480181,
    "이준석": 0.5447732514742624,
    "일본": 0.5438917394665904,
    "세계": 0.5415676146451448,
    "경호처": 0.5405878296433125,
    "개소리": 0.539968046182028,
    "헌법": 0.5394175881215665,
    "행안부": 0.5391445815741398,
    "얼굴": 0.5365539655327982,
    "남자": 0.5343459583699067,
    "쓰레기": 0.5342442266913972,
    "폭행": 0.5337489546251556,
    "역할": 0.5331546913756867,
    "책임": 0.5324194887050822,
    "배우": 0.5320319246074547,
    "김갑수": 0.5298217206338967,
    "본질": 0.5294004426118877,
    "이용": 0.526145962917876,
    "가능": 0.5227978909954858,
    "총장": 0.5223936806645859,
    "진실": 0.5222539235768681,
    "평화": 0.5210886655981208,
    "성공": 0.5193908994560023,
    "반공": 0.5182930409153408,
    "선악": 0.5181017479811669,
    "이번": 0.5160371386334048,
    "존경": 0.5151901028856357,
    "내부": 0.5147582874356438,
    "조정민": 0.5128779000718575,
    "대신": 0.5120404446854514,
    "천주교": 0.5094668706782812,
    "당시": 0.5071668145622932,
    "건희": 0.5046580804222789,
    "부정": 0.5028844508360699,
    "성향": 0.5028106057614178,
    "선포": 0.5024542167751466,
    "새끼": 0.5012346856770535,
    "조국": 0.5009822439890715,
    "특검": 0.5005919820575653,
    "머리": 0.500370671648476,
    "현장": 0.4992763084686297,
    "사탄": 0.49662697722114896,
    "수거": 0.4946413211856504,
    "사찰": 0.4913522736731198,
    "자체": 0.49031900967586817,
    "정우성": 0.4883800052191673,
    "중요": 0.4866250917786629,
    "수준": 0.48118662318212446,
    "행동": 0.48110865971827627,
    "체포": 0.4798043513797859,
    "재미": 0.4776344555188602,
    "독재": 0.47479604661501795,
    "계명": 0.47092686241176485,
    "노력": 0.4706931990035881,
    "조심": 0.4706330644909476,
    "판사": 0.46853595397050196,
    "총선": 0.4678309550186503,
    "말씀": 0.4671376514093242,
    "위치": 0.4667072062366913,
    "대화": 0.4666270146738791,
    "관심": 0.46499471476666676,
    "고려": 0.46152945785949384,
    "대선": 0.4612291420458956,
    "찬성": 0.4587832220182954,
    "일부": 0.4578735278989801,
    "미국": 0.4552021026188019,
    "허위": 0.45098615414001775,
    "라이": 0.4506899009809918,
    "하느님": 0.4494336991848734,
    "증거": 0.44923383148518936,
    "사법": 0.44903830949517426,
    "협력": 0.4471062543176338,
    "비판": 0.4460951451738036,
    "유튜": 0.4444614518148072,
    "보수": 0.443728194165866,
    "봉지": 0.44317505334534657,
    "모습": 0.4413792704209032,
    "불법": 0.43978483437651694,
    "갑수": 0.43951115038056315,
    "명수": 0.43820749431305595,
    "여성": 0.4371668870730315,
    "법치": 0.43294894497226966,
    "윤건": 0.4247178961863976,
    "부족": 0.42397857359710983,
    "기록": 0.41646015925419105,
    "화이": 0.41542269560712414,
    "사기": 0.4107697377422416,
    "이성": 0.40957054481281396,
    "금지": 0.40689488175151806,
    "구독": 0.40404767204190073,
    "강사": 0.4022623240885584,
    "동조": 0.3995086730726327,
    "단수": 0.3919461998494817,
    "자리": 0.39120588193433914,
    "하루": 0.3898867775961421,
    "활동": 0.38982918496481095,
    "대형": 0.38607168054004437,
    "지하": 0.37360466856856706,
    "요원": 0.37114554888352147,
    "사고": 0.36535283568852983,
    "중국": 0.3651718190307049,
    "정당": 0.36286702813401206,
    "국정": 0.35962102686073305,
    "사상": 0.3506688551102325,