{
    "음주": 10.416028715280222,
    "선수": 7.694826239143125,
    "운전": 6.677080029034869,
    "차준환": 6.241669060079731,
    "명복": 5.950039340377233,
    "악플": 5.898042522344002,
    "고인": 4.851332541968264,
    "피겨": 4.717264333303646,
    "연예인": 4.090325685965762,
    "생각": 3.980814571693477,
    "언론": 3.7055884828833503,
    "김새론": 3.3798191364178574,
    "인간": 3.1321234703808645,
    "연기": 3.0242033336895275,
    "얼굴": 2.988466955375486,
    "축하": 2.9243084680264686,
    "남자": 2.9134434782378973,
    "김연아": 2.889230753692926,
    "완벽": 2.88025700795986,
    "왕자": 2.8765833021568907,
    "배우": 2.852261808203703,
    "최고": 2.7961553357884874,
    "의사": 2.7650515773352713,
    "댓글": 2.748825683113396,
    "실수": 2.7140860838337875,
    "나라": 2.644576427557481,
    "나이": 2.5006255499920376,
    "자랑": 2.492234588294685,
    "마음": 2.464255159001345,
    "금메달": 2.4244738342045675,
    "예술": 2.4129370389887677,
    "살인": 2.404142309322872,
    "잘못": 2.2141209408272373,
    "한국": 2.160140510557143,
    "대한민국": 2.1456187561633833,
    "세상": 2.1170585560926205,
    "사회": 2.107579219694064,
    "비난": 2.001652748325342,
    "본인": 1.8564106490008188,
    "응원": 1.830352961457748,
    "음악": 1.8208400767390436,
    "인생": 1.704552156840451,
    "기술": 1.657759461873952,
    "문제": 1.652111596920769,
    "정도": 1.6008552610489297,
    "행복": 1.6006709102238683,
    "교수": 1.5844671781249384,
    "아저씨": 1.5509060754345985,
    "느낌": 1.5254878647694277,
    "외모": 1.5082828007857692,
    "해설": 1.4901831318015932,
    "사고": 1.4859994962481515,
    "여자": 1.4424162369995819,
    "원빈": 1.442407562830109,
    "모습": 1.4290299078345052,
    "실력": 1.406668691159767,
    "감동": 1.3980386547628725,
    "자살": 1.3666810578275284,
    "이상": 1.3533871908347526,
    "기사": 1.343049945660082,
    "노력": 1.3283786314280657,
    "자신": 1.3230213031872209,
    "용서": 1.3011272367428073,
    "젓가락": 1.281016338789628,
    "경기": 1.2804101534055041,
    "영상": 1.2804082886266488,
    "동작": 1.248069477968253,
    "정치": 1.2214440089602263,
    "국민": 1.2128036473783235,
    "알바": 1.2080170590750425,
    "고생": 1.2077298780296393,
    "죽음": 1.2072849286055254,
    "감사": 1.201976762489922,
    "범죄": 1.1957053658399746,
    "가족": 1.1435611164565116,
    "표현": 1.1315441012419956,
    "세계": 1.1237328776406172,
    "아이": 1.1210869260384508,
    "영화": 1.1178155845605626,
    "반성": 1.0825559781246605,
    "대중": 1.082508970709938,
    "눈물": 1.0818758305347784,
    "자체": 1.0758941751996045,
    "처벌": 1.0745077448011757,
    "필요": 1.069390833418983,
    "시간": 1.067866797933291,
    "우리": 1.0558534914996178,
    "점프": 1.0516318121293682,
    "추모": 1.0459353877659567,
    "아들": 1.0218263634270826,
    "점수": 1.0216673023493923,
    "현실": 1.0140244229009037,
    "하늘": 0.9924605380220057,
    "스케": 0.9827667030051466,
    "지금": 0.9699497082237426,
    "사건": 0.9414726193177199,
    "이후": 0.9374071042310634,
    "이유": 0.9229071891766447,
    "의상": 0.9130904388408683,
    "다음": 0.9099279637614267,
    "아역": 0.9085160389223651,
    "소리": 0.9058549128807031,
    "옹호": 0.8860207847203816,
    "개인": 0.8827502938360916,
    "선택": 0.8818612022199107,
    "행위": 0.8817526392712162,
    "소름": 0.8756435721275507,
    "동화": 0.8718217490709091,
    "생활": 0.8664570078073148,
    "마약": 0.8499920659246663,
    "전과": 0.8491261058564021,
    "선생": 0.8466486387254996,
    "환상": 0.8442457293308706,
    "미안": 0.8414981976291802,
    "부모": 0.8395919622753159,
    "공부": 0.8370397971385235,
    "노래": 0.8316338251551543,
    "게임": 0.820402540387676,
    "요즘": 0.8182060199812402,
    "스타": 0.8166885722500146,
    "피해": 0.8155672645203828,
    "올림픽": 0.8142371247893107,
    "작품": 0.8107042617153661,
    "기억": 0.8102659700605376,
    "직업": 0.8094375174770257,
    "가슴": 0.8037047837423892,
    "일반인": 0.8010174856565446,
    "행동": 0.8003474297531653,
    "인터넷": 0.8001982406354727,
    "공인": 0.7991752749309089,
    "처음": 0.7986360543384636,
    "쓰레기": 0.793973427025412,
    "감탄": 0.791111248645456,
    "방송": 0.7784672084087566,
    "전공": 0.7761300048953569,
    "복귀": 0.7739331281976911,
    "뉴스": 0.7607671523874108,
    "자숙": 0.7562025250376017,
    "사망": 0.7493146870783605,
    "도덕": 0.7367406889665036,
    "친구": 0.7212239665992393,
    "마지막": 0.7184598657529722,
    "존경": 0.7086105583554921,
    "인기": 0.7013813531188703,
    "병원": 0.6980433615439927,
    "관심": 0.6821873621929994,
    "유튜": 0.6767422569947635,
    "정신": 0.6738198515733776,
    "프로그램": 0.6734773629864444,
    "상황": 0.6510957050105098,
    "기자": 0.6478520859571676,
    "얘기": 0.6473148375390056,
    "시대": 0.6439934463529738,
    "순간": 0.6427162805812514,
    "이름": 0.6410578021123043,
    "시골쥐": 0.6405534238916465,
    "설리": 0.6386639254594078,
    "도주": 0.6375964116261983,
    "천재": 0.6374723742969436,
    "활동": 0.6362859461987498,
    "카페": 0.6360354974854454,
    "이해": 0.635317826073598,
    "안무": 0.6351655302173084,
    "얼음": 0.6325103075486418,
    "비판": 0.6234358442285319,
    "연아": 0.6206657820270102,
    "사랑": 0.6205918023772852,
    "의대": 0.61982279086332,
    "악마": 0.6166688692663809,
    "이재": 0.6156452447044802,
    "마녀": 0.6153752034306332,
    "연습": 0.6037902926431804,
    "국회": 0.6005348705229666,
    "결국": 0.599480668365425,
    "중요": 0.5980211187927946,
    "이번": 0.5972003315887443,
    "충격": 0.5959494712268574,
    "겨울": 0.5907190106477846,
    "이선균": 0.5868328996997318,
    "고통": 0.5858262493343328,
    "년차": 0.5771869061985004,
    "그동안": 0.5731424425962504,
    "스포": 0.570979142340263,
    "잣대": 0.5709720822697091,
    "차은우": 0.570551530808094,
    "실명": 0.5657925379921265,
    "주변": 0.56428207028439,
    "보물": 0.5609291643854366,
    "머리": 0.5606643454039024,
    "정상": 0.5600616276793373,
    "수고": 0.5531277817029865,
    "나락": 0.5528749782239719,
    "항의": 0.5382471633128274,
    "시기": 0.5381652757348568,
    "스핀": 0.5381031113298871,
    "환자": 0.5372653549248582,
    "진심": 0.5351734585193533,
    "존재": 0.5321780579059767,
    "스트": 0.5263445376379638,
    "영면": 0.521337817307822,
    "심사": 0.5209237607330364,
    "무게": 0.5188201059456606,
    "기대": 0.5139902600615556,
    "예전": 0.5125230800708913,
    "일본": 0.5116562595658891,
    "대통": 0.5106839873094404,
    "민원": 0.5087884017551046,
    "사실": 0.5081563463462817,
    "라면": 0.5074069643702444,
    "여론": 0.5051318727305877,
    "입장": 0.5045871450038569,
    "유명": 0.49877380960534845,
    "수준": 0.4939528982852289,
    "다리": 0.49185161226887864,
    "매장": 0.4912999486544149,
    "나중": 0.49101896413703106,
    "기도": 0.4868397874055735,
    "지옥": 0.48493276003568875,
    "혼자": 0.4833620378054441,
    "목숨": 0.4797223314282281,
    "조심": 0.4785162205796997,
    "책임": 0.47817291738863527,
    "안정": 0.47813816162679984,
    "당시": 0.476232741657988,
    "성장": 0.47462891569840676,
    "과거": 0.47289814445774137,
    "동안": 0.47262540305542705,
    "안타": 0.4713600099064965,
    "소식": 0.4706427505023044,
    "상처": 0.4665350636427151,
    "이제": 0.462190117918209,
    "하이": 0.4597698431810905,
    "위원": 0.4593302904618395,
    "승승": 0.4584827368466481,
    "생명": 0.45831802927727433,
    "가정": 0.45767550889126873,
    "부분": 0.45707784768496423,
    "관련": 0.4568203819400651,
    "사이": 0.45642439937080515,
    "몸짓": 0.4532069166762974,
    "자식": 0.45177079852129015,
    "동정": 0.4515885269370924,
    "아름": 0.4499678073801351,
    "반대": 0.4473651949468083,
    "예비": 0.4461472214573033,
    "소속사": 0.44307126910660743,
    "부족": 0.4420194500591149,
    "기회": 0.4378118740206712,
    "가짜": 0.43636079350568224,
    "조사": 0.4362529970832246,
    "준비": 0.43574493116879914,
    "감정": 0.4356560107711019,
    "선곡": 0.4353384728874786,
    "애기": 0.4349361106604679,
    "운동": 0.4346971785257837,
    "드라마": 0.43309835137343083,
    "보유국": 0.43278370894791757,
    "불리": 0.43264105009639325,
    "마찬": 0.4297107492547098,
    "차이": 0.4294862810792043,
    "악성": 0.428289779335407,
    "분위기": 0.4281797102310797,
    "진짜": 0.4281296455380157,
    "결과": 0.42599851279228185,
    "그때": 0.4256575187625479,
    "시절": 0.42454310262405626,