{
    "흑곰": 4.015315872226202,
    "원장": 2.5022365924839667,
    "경호": 1.8159565808601963,
    "자루": 1.5121022858435667,
    "로튼": 1.4172402713066008,
    "수지": 1.3688272592104411,
    "속도": 1.2695454311823169,
    "조직": 1.1176630937671146,
    "기미": 0.9267816045337244,
    "두목": 0.8952219920664204,
    "아저": 0.7786360000069753,
    "해군": 0.7767693302622368,
    "대장": 0.7690456478681523,
    "상궁": 0.7260820117239223,
    "선생": 0.6533873462095511,
    "여자": 0.626839022114645,
    "키자루": 0.5441691762278009,
    "짱구": 0.3965489424395598
}