{
    "침착": 10.141651790270485,
    "혜리": 8.67259227409428,
    "장도연": 6.622442619477937,
    "드라마": 5.1714489546416385,
    "연기": 5.03086348316604,
    "지구": 4.927748714327392,
    "태양": 3.4493720019139507,
    "생각": 3.3488737309803853,
    "방장": 2.881616968443847,
    "살롱": 2.790619108960844,
    "언니": 2.776330943966499,
    "개방": 2.639688842558319,
    "침투": 2.6052647970955314,
    "막장": 2.4596225611352094,
    "영상": 2.1278529013011753,
    "게임": 2.0551125846423064,
    "흑점": 1.796517132816093,
    "사랑": 1.7197636572728263,
    "느낌": 1.7020215512372356,
    "얼굴": 1.6423921079150063,
    "방송": 1.6278476236147714,
    "채널": 1.60663628041016,
    "다음": 1.5640718859791565,
    "무례": 1.5526978008382875,
    "웹툰": 1.5392372847130003,
    "충청도": 1.4841600820412997,
    "혜원": 1.4498720890487822,
    "감사": 1.413062849349219,
    "오늘": 1.404277191219037,
    "슬기": 1.3496859425641383,
    "레즈": 1.3495546565342305,
    "초대": 1.3360255709308326,
    "도연": 1.322481378007911,
    "그림": 1.3213245872039407,
    "이번": 1.3143586852149993,
    "피라미드": 1.3139651466467552,
    "내용": 1.3056001435128812,
    "매력": 1.3055690580726025,
    "조합": 1.2835996629469584,
    "색깔": 1.2797394451271678,
    "시간": 1.2590824515189656,
    "목소리": 1.2440916880418174,
    "웅취": 1.2390537822071521,
    "최애": 1.2367808111095604,
    "행성": 1.2310682041364513,
    "기대": 1.2301147046430168,
    "이병건": 1.2019159623892302,
    "스토리": 1.183353599953679,
    "게스트": 1.1778312187161402,
    "아저씨": 1.138386638842308,
    "얘기": 1.1247325727943787,
    "이유": 1.1218304771374896,
    "순경": 1.1024886673393142,
    "최고": 1.0815126610872094,
    "와중": 1.0713745303381024,
    "봉투": 1.0637545802139408,
    "처음": 1.0620912928893746,
    "왤케": 1.0409885290248506,
    "댓글": 1.009822755282797,
    "동성애": 1.0065161915611816,
    "세상": 0.9923366780143971,
    "남자": 0.9841573715123064,
    "위성": 0.9734467781640208,
    "대화": 0.9611509574738863,
    "경쟁": 0.9436524810921758,
    "엄마": 0.9329162626279801,
    "파김치": 0.9319075652038673,
    "공부": 0.9280689611228535,
    "원작": 0.9163822204300375,
    "텀블러": 0.9159289016250737,
    "선의": 0.9143737825079631,
    "마음": 0.890951761791827,
    "역할": 0.8798722661222419,
    "찰떡": 0.8705324583933685,
    "순간": 0.8579668358500933,
    "진행": 0.8523392655444048,
    "근친": 0.8350385633576882,
    "표현": 0.8025716216955612,
    "캐릭터": 0.7956428180184469,
    "정도": 0.7950632617771678,
    "세라믹": 0.7925162681011636,
    "이상": 0.7842384316755178,
    "침저": 0.7638686717585214,
    "진짜": 0.763005931060263,
    "네일": 0.7619898348427695,
    "소리": 0.7575014781492186,
    "모습": 0.7514981045015076,
    "유튜브": 0.7329658581921753,
    "배우": 0.7204480332730345,
    "테오": 0.7171392463987405,
    "정상": 0.7127127201004637,
    "나영석": 0.7112870704940661,
    "머리": 0.7044646299231865,
    "예전": 0.7030702350895248,
    "거대": 0.702983762784587,
    "마지막": 0.6914837902086609,
    "여기": 0.6883277008182803,
    "뱃지": 0.6815692031981214,
    "굿즈": 0.675452827246765,
    "인간": 0.6691170736757108,
    "연예인": 0.657357642742436,
    "피디": 0.6560594645103001,
    "디테일": 0.6534934944403861,
    "오랜만": 0.6529293911335459,
    "자본": 0.6521107017365805,
    "유명": 0.6520238854746393,
    "편집": 0.6444906940058595,
    "방석": 0.6416280954744816,
    "김태": 0.6402202469412714,
    "아조씨": 0.6397022675758177,
    "케미": 0.6290675424921969,
    "부분": 0.6262065707704898,
    "용기": 0.6254381867813031,
    "제이": 0.6223028120200167,
    "힐링": 0.6218405624296897,
    "침매": 0.6214028872775581,
    "요즘": 0.6182531112051355,
    "시작": 0.6162002396396934,
    "아침": 0.6142470995875683,
    "스타일": 0.6056181300350447,
    "지수": 0.604177597885989,
    "침며": 0.5965032971352571,
    "성공": 0.595760216687178,
    "영화": 0.5955507782091708,
    "상담": 0.5952568592650026,
    "제작": 0.5951744654753753,
    "감정": 0.5930767464807098,
    "아이": 0.5865370930362317,
    "말투": 0.5844572217374637,
    "사실": 0.5836874460155098,
    "대박": 0.582842993510021,
    "메트로": 0.5795886679074016,
    "나이": 0.578988119752154,
    "자체": 0.5749605898964005,
    "배역": 0.572486946086245,
    "재미": 0.5694890764460148,
    "고등": 0.5657053921955735,
    "호감": 0.5628967919691485,
    "작품": 0.5621207126506558,
    "표정": 0.5538639741075201,
    "남매": 0.5531166596665456,
    "친구": 0.5523418855786553,
    "편안": 0.552027107879731,
    "소름": 0.5488388999456568,
    "일기": 0.5476487773247316,
    "커엽": 0.5474259932442376,
    "충돌": 0.546983863576913,
    "결혼": 0.5448576877280025,
    "이야기": 0.5431172012545049,
    "최경": 0.5406130308233341,
    "행복": 0.5403909167330077,
    "시청": 0.5401194816655853,
    "전교": 0.5368079421294838,
    "구독": 0.5361973753568099,
    "캐스팅": 0.5356890264152527,
    "노력": 0.5340161717638451,
    "화성": 0.5329281011089426,
    "한국": 0.5307399240789239,
    "자기": 0.5265648947306745,
    "설정": 0.5251446563015364,
    "재밋": 0.5239600432274953,
    "학원": 0.5238904215383724,
    "출연": 0.5188439026175334,
    "목성": 0.5165473256107318,
    "노래": 0.5144554859345865,
    "명언": 0.5049853097917165,
    "본인": 0.5043668366438152,
    "지금": 0.5023176766473667,
    "응원": 0.4930805039310877,
    "뒷모습": 0.4907669020216332,
    "은근": 0.4900769596383448,
    "현실": 0.48803597626777745,
    "관련": 0.48777318623625415,
    "썸넬": 0.4873621426056101,
    "자연": 0.4862166398108986,
    "모두": 0.48479426457304975,
    "자막": 0.48210197829541673,
    "시절": 0.47884581408345034,
    "설명": 0.4776894064120345,
    "메이": 0.47129295244054137,
    "귀여": 0.46879154303810994,
    "정보": 0.4665599458893264,
    "관통": 0.463882882672231,
    "어른": 0.4628510107873191,
    "웃음": 0.46192598608179897,
    "하오": 0.4598114028607773,
    "편지": 0.459607265092952,
    "일진": 0.4595467310197146,
    "방식": 0.45575280524062645,
    "퀄리티": 0.45528581371278914,
    "학교": 0.4473290824925867,
    "여자": 0.4472512647153734,
    "고딩": 0.44303763445627437,
    "육성": 0.44006228614717835,
    "최근": 0.4390138533299145,
    "문제": 0.438543960251058,
    "쿠키": 0.4341623663510697,
    "선생": 0.42702295218218855,
    "항성": 0.4265086430794317,
    "완전": 0.426006435388364,
    "센스": 0.4246903596798193,
    "사이": 0.4244098016694496,
    "예상": 0.42086402780346593,
    "개그": 0.4181474333767766,
    "이제": 0.41011264457442265,
    "아빠": 0.4086879756995183,
    "장하오": 0.40862033669657766,
    "병건": 0.39878195538980477,
    "기안": 0.39774559251167674,
    "토크": 0.39714814316032687,
    "고몽": 0.3967333188329879,
    "신호": 0.39012251179735546,
    "학생": 0.38696206266916666,
    "관심": 0.38379070613702093,
    "말씀": 0.36772994920693935,
    "부정": 0.3580286034923621,
    "병거니": 0.3471005228314991,
    "원래": 0.3383875403192085,
    "주인": 0.338080414778551,
    "개웃": 0.3284607384682765,
    "여유": 0.32551576671605054
}