{
    "의사": 6.330617197687424,
    "교수": 3.6017515235026965,
    "젓가락": 2.5968831023057053,
    "공부": 1.7901188421312924,
    "선생": 1.7593644335510423,
    "전공": 1.573239001531003,
    "시골쥐": 1.4292152080507394,
    "병원": 1.4218160044727521,
    "아들": 1.3069325042086373,
    "감사": 1.2193342509473033,
    "라면": 1.2179891390343953,
    "시간": 1.1534228746691206,
    "의대": 1.1025022349484908,
    "본인": 1.0949450413229305,
    "년차": 1.0698960207640074,
    "고생": 1.0559173046648391,
    "환자": 1.031255313408133,
    "느낌": 1.0096350752575751,
    "응원": 0.9437319985992885,
    "정원": 0.8574149707297145,
    "건강": 0.7543400939125102,
    "시고르자브": 0.731191857419452,
    "화교": 0.721203188699305,
    "파업": 0.6766261162804565,
    "아빠": 0.6570090521168571,
    "왤케": 0.6078477950493817,
    "레지": 0.5631999647890116,
    "선배": 0.5422945320854521,
    "반대": 0.5202725941141381,
    "조충": 0.41575556940577907
}