{
    "영상": 16.21114661209285,
    "혜안": 11.786751705787463,
    "게임": 6.947793667387193,
    "오늘": 6.101075277348528,
    "감사": 5.93613506059581,
    "알바": 4.744146720844449,
    "스파": 4.2609272444432476,
    "우주": 4.187614956854244,
    "장인": 3.4148725545537384,
    "로블록스": 3.302224768053007,
    "브리치": 3.281118378072869,
    "연막": 3.1204481686762398,
    "생각": 3.018602476226989,
    "이름": 2.965874044893314,
    "상호": 2.936278419069177,
    "분전": 2.9217867419554198,
    "이상": 2.8671308875879418,
    "시작": 2.656247906992898,
    "유튜버": 2.649111732629607,
    "진상": 2.57859233470398,
    "다음": 2.5171341283548725,
    "댓글": 2.482810405171703,
    "편의점": 2.478039003863418,
    "제트": 2.420761643224839,
    "동선": 2.3445209348514284,
    "파피": 2.323339658097017,
    "레전드": 2.316270537196109,
    "네일": 2.2628684479691663,
    "시간": 2.1322802397300236,
    "구독": 2.0918926468026973,
    "친구": 2.066396063722987,
    "김재원": 2.053381618924014,
    "개추": 2.033869620200185,
    "이번": 1.9955214756078399,
    "머리": 1.9937085370788346,
    "괴물": 1.9381447306314552,
    "믹슈": 1.937938386992104,
    "방송": 1.8936260860297267,
    "플레이": 1.881670334080606,
    "칠리": 1.8656279931064335,
    "지구": 1.852094863435457,
    "정도": 1.8508530985936402,
    "재원": 1.8401906306833316,
    "사랑": 1.8352006375756083,
    "일차": 1.7936391825424862,
    "요즘": 1.7609466327767156,
    "가능": 1.7391925569163913,
    "컨텐츠": 1.7279183393452806,
    "안녕": 1.7032991820379082,
    "목소리": 1.698578892830954,
    "기원": 1.6941514587044515,
    "편집": 1.6838393611048108,
    "레고": 1.6807775134008738,
    "처음": 1.6682137748284447,
    "마지막": 1.638553734681599,
    "상대": 1.5921714311392994,
    "삼촌": 1.586868300881123,
    "정글": 1.5611139214093432,
    "몰카": 1.5401995314280827,
    "아이": 1.5319229951144453,
    "오랜만": 1.515091741141097,
    "주키니": 1.4994044987504451,
    "라이": 1.4600250960060457,
    "조합": 1.4576806305520749,
    "시리즈": 1.4105037597304908,
    "특허": 1.3671638088771774,
    "모찌": 1.334965660128241,
    "고고": 1.3294274658836045,
    "로브": 1.32881196143649,
    "팔협지": 1.3175043281548677,
    "노란색": 1.288377962591173,
    "조회": 1.2850087475187757,
    "재밋": 1.2819052139947167,
    "페퍼": 1.275781370046401,
    "보라색": 1.2666250670035093,
    "클로브": 1.2615915317596573,
    "진짜": 1.2550009041768617,
    "다리": 1.2483581092590237,
    "최고": 1.2481205924136454,
    "이유": 1.2382058881395532,
    "듀오": 1.2300635905141304,
    "초전": 1.2169158886086673,
    "잼민": 1.1975692140707466,
    "세트": 1.1951897546518269,
    "소리": 1.1433231419086125,
    "미라클": 1.1269379578670542,
    "학원": 1.1180642499613982,
    "실력": 1.113051185602659,
    "오버": 1.1125629209741614,
    "프렌즈": 1.1121218015457326,
    "재미": 1.1017295478268605,
    "느낌": 1.0925010339497132,
    "뿌꾸": 1.0820505638054958,
    "저번": 1.0805278798642477,
    "멤버": 1.066570934249702,
    "문제": 1.0614918358509942,
    "엔딩": 1.057971286395415,
    "정우": 1.0295197377289915,
    "시청": 0.9958644306259599,
    "스키비디": 0.995601984869692,
    "하루": 0.9757070171687179,
    "싸움": 0.9745796434068441,
    "기분": 0.967524092642319,
    "채팅": 0.9665968652101409,
    "당황": 0.9568207998699125,
    "평학": 0.9389249709621875,
    "아재": 0.9195985324733009,
    "회원": 0.9147797051974432,
    "이제": 0.9141433249579201,
    "백현": 0.9133955464663712,
    "강아지": 0.9055878636797515,
    "인트": 0.9039926960839509,
    "사이": 0.8831116380388301,
    "김동현": 0.8752873376492742,
    "크랙": 0.8686535825895585,
    "이모티콘": 0.8667209239444349,
    "기대": 0.8650732769152423,
    "나비": 0.8626745455868707,
    "마스터": 0.8527109359731465,
    "저녁": 0.8504961554180428,
    "마음": 0.8485589311874386,
    "아름": 0.8330161947616253,
    "단도": 0.8274877101352417,
    "베댓": 0.8180696667540176,
    "행복": 0.8132744296518589,
    "초반": 0.8128235949260747,
    "축하": 0.8072167131764993,
    "태양": 0.7967280938165427,
    "화성": 0.7966600314201673,
    "척후": 0.7951339953533437,
    "배그": 0.7924988896352929,
    "응원": 0.7793395242651052,
    "상도": 0.7755680568816761,
    "덕구": 0.7753100084492571,
    "토일렛": 0.7747320836451859,
    "브금": 0.7697561678479594,
    "무기": 0.7695995974343476,
    "공포": 0.7632957952605255,
    "여자": 0.756818610535895,
    "닉네임": 0.7503985694202675,
    "스킬": 0.7486726926441291,
    "블랙": 0.7410889103955005,
    "메이": 0.7391153031796746,
    "결국": 0.7364522603916861,
    "지작": 0.73011078769704,
    "구간": 0.7266145681077032,
    "상황": 0.7258999178511574,
    "목성": 0.7236311798105839,
    "마크": 0.7200943455606061,
    "퇴치": 0.7197122405678802,
    "유저": 0.7100487142949128,
    "백앤아": 0.7073227211326235,
    "상상": 0.7023837013876785,
    "친칠라": 0.6965726926333309,
    "구단": 0.6952681492877233,
    "가입": 0.6924390280373676,
    "월묘": 0.6884379633089186,
    "선택": 0.6844991261332317,
    "오빠": 0.6840252563996195,
    "범부": 0.6825865336189467,
    "벌레": 0.6803318836804262,
    "퀄리티": 0.6798962454035876,
    "모습": 0.6793314111707204,
    "이과": 0.6721838951800142,
    "웃음": 0.6718932242000574,
    "포인트": 0.6702107844400953,
    "타격": 0.6698589112849661,
    "진심": 0.668757499324374,
    "재능": 0.6665668538876677,
    "후속": 0.6646109032952429,
    "타이": 0.6634389023619548,
    "제우스": 0.6600293147476041,
    "고릴라": 0.6583518144347292,
    "예전": 0.6577855894061896,
    "전략": 0.6577141678271231,
    "속도": 0.657533893823084,
    "클리드": 0.649805651094025,
    "모드": 0.6458382547710373,
    "모양": 0.6442781344271328,
    "노비": 0.6442230942881557,
    "노랑": 0.6440206510564885,
    "바람": 0.642590469099728,
    "화공": 0.6389242395051664,
    "알림": 0.6378239997295174,
    "존재": 0.6369065261922524,
    "참교육": 0.6353469103504088,
    "세계": 0.6349824188684914,
    "스토리": 0.6341177954772407,
    "몰리": 0.6337805810028108,
    "고생": 0.6321461771128665,
    "가치": 0.6305964203734806,
    "치킨": 0.6289976903348802,
    "챕터": 0.6279180997215459,
    "월드": 0.6275722393805536,
    "타워": 0.6274757548472663,
    "제목": 0.6193829649551559,
    "캐릭": 0.6141516782611416,
    "집행": 0.6135755745292213,
    "기록": 0.6120591652906622,
    "미션": 0.6101552097836531,
    "빅딜": 0.6095092926678389,
    "본인": 0.6040862712376707,
    "스킨": 0.6037809030841612,
    "시야": 0.5989384732454958,
    "악질": 0.5976539378645545,
    "파란색": 0.5963156779847232,
    "대머리": 0.592654074964384,
    "엄마": 0.5911178521471027,
    "기억": 0.5872506793031574,
    "블루": 0.5844946382648241,
    "박영식": 0.5841610506260368,
    "인생": 0.5822515202115619,
    "롤체": 0.5797064121350166,
    "한화": 0.5777817478311436,
    "부탁": 0.5775834488283709,
    "명절": 0.57680627506721,
    "부자": 0.5758408004812778,
    "황금": 0.575262961425582,
    "이해": 0.5733805780367216,
    "키보드": 0.5726949665316947,
    "옛날": 0.5715863452986185,
    "냄새": 0.5708870151413644,
    "피어": 0.5700070914645751,
    "마이": 0.5690318336073714,
    "롤로노아": 0.559400611694835,
    "지리": 0.556456309998947,
    "생존": 0.5557702619366448,
    "합방": 0.5545459265689578,
    "주인": 0.5539570844768461,
    "개꿀": 0.5526666545938765,
    "화이팅": 0.5498615902404013,
    "중력": 0.5492781237830358,
    "우진": 0.5487726059760504,
    "시즌": 0.5485427867152479,
    "타임": 0.5464278481015842,
    "고정": 0.5453951909080748,
    "공격": 0.5449286798480377,
    "시뮬": 0.5443766573063411,
    "모자": 0.5431713099967279,
    "선물": 0.5406693678912978,
    "정복": 0.5397403076108311,
    "도적": 0.5397156476386857,
    "남자": 0.5396221608088356,
    "대통령": 0.5369500480870986,
    "수퍼": 0.5341391268191058,
    "레벨": 0.5327167494145019,
    "대기": 0.5324274279830357,
    "슈퍼": 0.5316977695980463,
    "언니": 0.528555110333661,
    "레드": 0.5265278704740668,
    "소통": 0.5261640152323959,
    "등장": 0.5260986088276751,
    "낭만": 0.5254957153319273,
    "경기": 0.5208335007719056,
    "자존심": 0.5199484827508175,
    "스케": 0.5171800270300337,
    "얼굴": 0.5169172952075198,
    "개웃": 0.5162506596594125,
    "파랑": 0.5156424461508318,
    "할아": 0.5138557617191474,
    "나이": 0.5127479955142704,
    "처리": 0.5114982520467362,
    "인정": 0.5106635758859652,
    "근본": 0.5103332750414673,
    "로봇": 0.5076272820908552,
    "어몽": 0.5068172180943962,