{
    "노아": 17.200229746397824,
    "사랑": 13.562509480418699,
    "노래": 11.085497327477338,
    "플레이브": 6.460897200372748,
    "행복": 4.6557064213156485,
    "플리": 4.549508586716888,
    "목소리": 4.5004481201300335,
    "축하": 4.41499402058296,
    "마음": 3.94128071366218,
    "생각": 3.1375741893421725,
    "영원": 2.433527357524784,
    "진심": 2.40138662627061,
    "우주": 2.260099015322392,
    "선물": 2.0031177300006435,
    "오늘": 1.879578809444169,
    "순간": 1.8349055262831686,
    "눈물": 1.737190138906048,
    "세상": 1.723451015867031,
    "생일": 1.7194736493640645,
    "하루": 1.7083179191217148,
    "공주": 1.702224243574355,
    "아이돌": 1.5874263861321105,
    "응원": 1.570916695053005,
    "위로": 1.511649848873756,
    "시간": 1.4805235864498019,
    "존재": 1.4436593391806043,
    "천만": 1.4141528620829926,
    "뮤비": 1.3899296609972929,
    "감정": 1.275368104504099,
    "아티스트": 1.266609721813821,
    "평생": 1.1766685385321733,
    "노력": 1.1718784749750872,
    "기분": 1.1470979421049075,
    "감동": 1.0818903948695282,
    "덕분": 1.081263145695719,
    "가사": 1.067973051376121,
    "다음": 1.067105383505511,
    "커버": 1.0515776004081654,
    "시작": 1.0262682439120598,
    "음악": 1.0128483635658732,
    "이번": 1.0073780347646544,
    "연습": 1.004494465741448,
    "느낌": 0.9405552468260089,
    "감사": 0.9348308244639311,
    "한노": 0.9255808489442231,
    "모럴": 0.9063423837852157,
    "가수": 0.8987208738312642,
    "모습": 0.8823708348750587,
    "최고": 0.8390896524887071,
    "인생": 0.7972162192538041,
    "이유": 0.7847200614577236,
    "지금": 0.7765950682163056,
    "처음": 0.7705349306492177,
    "킬링": 0.7686926981972714,
    "서로": 0.7669241276427985,
    "버추얼": 0.762925375910856,
    "영상": 0.7508300865310717,
    "영광": 0.7480912853273365,
    "대쉬": 0.7138783758501915,
    "버츄얼": 0.6913109102086604,
    "발라드": 0.6788085749646765,
    "멤버": 0.632047215392597,
    "혁명": 0.5960004925780267,
    "힐링": 0.5926372445836646,
    "표현": 0.572875057359332,
    "관계": 0.5610257778296308,
    "기대": 0.5492994405919176,
    "오빠": 0.5458319114674939,
    "유튜브": 0.5417022441351588,
    "부분": 0.5406124415194375,
    "조회": 0.5355952376451063,
    "이해": 0.5336828696811532,
    "진짜": 0.5317399631770644,
    "수평": 0.5247933059518802,
    "자신": 0.5245788732174541,
    "보이": 0.5245647433417644,
    "하늘": 0.5121017449514436,
    "임뭐럴": 0.5052828416141233,
    "평플": 0.5045830266010398,
    "반복": 0.5005029877517819,
    "덕질": 0.4982832265986901,
    "포기": 0.4980946097297252,
    "생애": 0.4970003812349829,
    "마지막": 0.4940820765365446,
    "음색": 0.48776475804202085,
    "얼마": 0.4852235728208916,
    "인정": 0.47805873560555623,
    "보컬": 0.47748847667354266,
    "무대": 0.4761672796150642,
    "소절": 0.47492067156857787,
    "이제": 0.4703672692875034,
    "라이브": 0.46627347469449504,
    "외계": 0.4548247142580168,
    "버블": 0.4473630663123456,
    "밤하늘": 0.4467113527038432,
    "실력": 0.4461043401503124,
    "댓글": 0.44320925267578865,
    "영화": 0.44226376800838874,
    "자체": 0.44136135633596363,
    "새벽": 0.43435362095783914,
    "글자": 0.4334104160291114,
    "완벽": 0.4297586418460517,
    "별빛": 0.4198820612044635,
    "출근": 0.417822058595508,
    "약속": 0.4147897032286949,
    "안무": 0.41428822660267306,
    "이야기": 0.41403639819387206,
    "심장": 0.4132674561549058,
    "정도": 0.4123127688488999,
    "자리": 0.40999592058209744,
    "동안": 0.4055662676112765,
    "올해": 0.4021360443466947,
    "준비": 0.39896534782413484,
    "고민": 0.3938410231949131,
    "남자": 0.388817327307933,
    "전달": 0.3864231268030729,
    "모두": 0.3858023495836812,
    "나날": 0.38519544543153084,
    "극락": 0.3819315966267168,
    "서프": 0.38191360183851064,
    "자랑": 0.38047735479149697,
    "소리": 0.37984667170206443,
    "인간": 0.37882869499100735,
    "건강": 0.3785355836548655,
    "앨범": 0.3779688500607872,
    "결과": 0.37081419559654455,
    "데뷔": 0.37026829431758923,
    "이후": 0.36978259323506274,
    "퇴근": 0.36958262292324623,
    "편견": 0.3694289069039323,
    "다정": 0.3685912874308136,
    "만회": 0.3671129265954482,
    "종일": 0.3666725447302885,
    "행운": 0.3639429022398851,
    "테라": 0.363243704213769,
    "친구": 0.3632325769549159,
    "밤비": 0.36019305885673714,
    "지구": 0.35699223740376795,
    "은호": 0.35660512243293463,
    "천사": 0.3541057625575439,
    "걱정": 0.3534313990288589,
    "선명": 0.35166584574404713,
    "창법": 0.3515578826973576,
    "미래": 0.3453582172360441,
    "기억": 0.3451135304364965,
    "필요": 0.34439464811659926,
    "얼굴": 0.34372821708874585,
    "보답": 0.3435243123097742,
    "대중": 0.3434696774321282,
    "관심": 0.3428257215528121,
    "사실": 0.3394335897038959,
    "상처": 0.3344618145962762,
    "아침": 0.33414980007205,
    "요즘": 0.3330183317636447,
    "부정": 0.3329951356349723,
    "집중": 0.33252324611720596,
    "방송": 0.3301163170848602,
    "이상": 0.3286277589341493,
    "결국": 0.3263415689425522,
    "컴백": 0.3259801972226711,
    "사이": 0.3250082397464248,
    "보물": 0.32352868060363504,
    "방법": 0.3131470810972651,
    "천재": 0.31248764347165053,
    "기쁨": 0.3123953676827277,
    "가슴": 0.31116725661014993,
    "울림": 0.3103305521746552,
    "취향": 0.30801533931364544,
    "평화": 0.30295871870467084,
    "기술": 0.3011898573524,
    "역사": 0.3010830803859733,
    "다행": 0.30006904976166704,
    "다양": 0.29277663481093863,
    "상상": 0.29130815427161466,
    "불안": 0.28587691260777515,
    "버전": 0.2835039418779486,
    "라쓰": 0.283153096341035,
    "매일": 0.28141348771084296,
    "고마": 0.2810626355974868,
    "시대": 0.2805901001678044,
    "성장": 0.2801053649830281,
    "플부": 0.278560950203099,
    "부족": 0.27817637691008634,
    "치유": 0.27668605504958116,
    "희망": 0.27625116742748296,
    "안정": 0.2762405546702789,
    "미안": 0.2737944832427539,
    "무한": 0.27034408634500834,
    "애니": 0.2637803329892522,
    "장르": 0.26280320851205685,
    "타인": 0.25534306305072796,
    "뮤직": 0.25522532893105154,
    "프리": 0.2537400315589441,
    "평소": 0.25151996549120015,
    "퍼포": 0.20527660443603657,
    "헤드": 0.17716643369688964
}