{
    "노래": 8.414340706094462,
    "뉴진스": 4.3663339236580985,
    "느낌": 3.7189778303584062,
    "스타": 3.4383915780665557,
    "뮤비": 2.9768960424242006,
    "서양": 2.5782587771899803,
    "멤버": 2.5615071740496607,
    "키키": 1.7998301336945404,
    "카피": 1.7874752345114269,
    "아이": 1.7867514152424593,
    "컨셉": 1.7315612439058121,
    "소녀": 1.7233105464445098,
    "그룹": 1.690419862466439,
    "처음": 1.6593549924124584,
    "지수": 1.635984364322875,
    "자연": 1.6282092128834824,
    "한국": 1.6231648454906171,
    "이브": 1.2359250032746192,
    "보컬": 1.225140879117697,
    "사본": 1.2044786300949712,
    "데뷔": 1.1081351943007647,
    "음원": 1.0713948374357622,
    "정도": 1.0459312522333968,
    "음색": 1.034304501891251,
    "댓글": 0.9410410824725107,
    "가짜": 0.9299239779973636,
    "공산": 0.8780703471815035,
    "걸그룹": 0.863487766925419,
    "생각": 0.8599715348729018,
    "응원": 0.8397035046708764,
    "수술": 0.8211482972509706,
    "사랑": 0.8117110528583196,
    "기대": 0.8094584272593421,
    "음악": 0.8058299234135761,
    "성형": 0.8054625642474538,
    "가수": 0.776905546075179,
    "분위기": 0.7762805061368613,
    "모습": 0.76884110766641,
    "어텐": 0.7329462856222413,
    "매력": 0.7156008467849007,
    "중독": 0.699979633128342,
    "감성": 0.6915934273856365,
    "오랜": 0.6906711304374418,
    "충격": 0.6766785231241778,
    "무당": 0.6752012178321116,
    "핑크": 0.6669352142734268,
    "청바": 0.6650244725407995,
    "블랙": 0.653037112404159,
    "장면": 0.645419770792844,
    "미감": 0.6451373810805896,
    "하이브": 0.642321364072107,
    "예술": 0.6145812311956848,
    "신인": 0.6046205893318969,
    "아일": 0.5986839517444188,
    "카메": 0.5835148460674846,
    "자유": 0.5828243668186366,
    "안무": 0.5782231521056328,
    "이름": 0.5476911191749901,
    "시작": 0.49709303372062924,
    "언니": 0.45816589528944374,
    "이미지": 0.4440735030584302,
    "구분": 0.35898537715096485
}