{
    "송가": 18.59162509635371,
    "아사달": 17.933489808468632,
    "노래": 9.835684276455899,
    "온앤오프": 8.496631275378824,
    "조회": 5.344193453035546,
    "가수": 5.020341838619596,
    "가인": 4.928232044744967,
    "사랑": 4.743018941313522,
    "최고": 4.531941354759842,
    "뮤비": 4.028755841950143,
    "응원": 3.461940225329606,
    "축하": 3.361087532837267,
    "영상": 3.0320443972463464,
    "명곡": 2.9483023909721906,
    "눈물": 2.7976038942622705,
    "오늘": 2.7607667353959635,
    "이번": 2.38644772812697,
    "구독": 2.2483795113032006,
    "돌파": 2.148029495747734,
    "앨범": 2.0470810683124463,
    "목소리": 1.6918178568701032,
    "음악": 1.6405657396496824,
    "감동": 1.5430421271319545,
    "신곡": 1.5019095795371271,
    "케이팝": 1.4529667428354718,
    "이상": 1.377334677045627,
    "공중파": 1.3127335293012528,
    "시간": 1.311142323326405,
    "행복": 1.3096252704342746,
    "느낌": 1.2599148528109905,
    "마음": 1.174722800186148,
    "하루": 1.1310343247813333,
    "퓨즈": 1.1033396949956031,
    "기대": 1.0773973068257938,
    "감상": 1.0683808239254358,
    "방송": 1.056692640902438,
    "시작": 1.0400013400147317,
    "대중": 1.013825599672133,
    "댓글": 0.9846017126613166,
    "음색": 0.9780107138813015,
    "드라마": 0.9654599045997037,
    "감사": 0.9521776354815722,
    "가슴": 0.9395785587263996,
    "생각": 0.921995411769423,
    "가창력": 0.9074973009782996,
    "아침": 0.8775351784163992,
    "보이스": 0.8743444375025949,
    "배우": 0.8528045361828587,
    "지금": 0.8491696841393326,
    "세계": 0.8220717000746319,
    "제니": 0.804103689895191,
    "라이브": 0.7966014290258429,
    "자랑": 0.7939147180124261,
    "이별가": 0.7737132780214937,
    "구글": 0.7560838031500128,
    "한지현": 0.753965117941653,
    "맛집": 0.744601256219136,
    "건강": 0.7336018187919143,
    "대박": 0.7316411136922196,
    "기원": 0.7306333836517258,
    "가사": 0.7300209174542269,
    "정체": 0.7213178755237893,
    "장르": 0.7196419078386328,
    "시청": 0.714998807218111,
    "한국": 0.7012290680334597,
    "비나": 0.7004892006913721,
    "그룹": 0.6985861906517223,
    "불후": 0.6957001611542775,
    "부탁": 0.6868092495170567,
    "연못": 0.683945625938609,
    "트롯": 0.6722169425881074,
    "타이틀곡": 0.6719051462433121,
    "이유": 0.6668130121552671,
    "힐링": 0.6596797945907702,
    "유튜": 0.6591275378305054,
    "아이": 0.656087002874553,
    "화이팅": 0.6485486716164455,
    "매력": 0.644726792029967,
    "증가": 0.6428925565419699,
    "홍보": 0.6379549510968119,
    "이종현": 0.6338679287712584,
    "가즈아": 0.6330584233467266,
    "정도": 0.6321293796778114,
    "스트": 0.6302566758494705,
    "대곡": 0.6258023659902483,
    "세상": 0.6243046643210222,
    "순위": 0.6196252803247733,
    "소리": 0.6136058625327774,
    "연기": 0.6119681363451582,
    "감성": 0.5964019885664813,
    "국보": 0.5929022658246303,
    "표현": 0.5911852670914417,
    "오후": 0.5888271199356109,
    "경주": 0.5882541656966617,
    "다음": 0.58538351268187,
    "상승": 0.5839810189563683,
    "희망": 0.5836211037115753,
    "달성": 0.5811740527691952,
    "부분": 0.5803164336153708,
    "실력": 0.5788915376480925,
    "반복": 0.5723055940133385,
    "인기": 0.5679318332806099,
    "누나": 0.5651283743265056,
    "콘서트": 0.5649456170182936,
    "커버": 0.5588788514603322,
    "활동": 0.5570779005883293,
    "심장": 0.5554679177260908,
    "정규": 0.5505672694022012,
    "무대": 0.5500057289142747,
    "추가": 0.5445620250483177,
    "시대": 0.5423071480905391,
    "가요": 0.5396248698528736,
    "퇴근": 0.5371134211875914,
    "국악": 0.5369268876706548,
    "이야기": 0.5356315489564611,
    "이제": 0.5334263974433358,
    "인동": 0.5304480959209055,
    "자체": 0.5303770676361108,
    "빌보드": 0.5259998045583698,
    "컴백": 0.5230110575667147,
    "신경": 0.5167254627618468,
    "설화": 0.5094536582011228,
    "불국사": 0.503514099993571,
    "덕질": 0.5021671136808902,
    "알고": 0.5018964132866182,
    "자막": 0.4926831373163858,
    "이어": 0.48881849922499815,
    "동영상": 0.4874741809317817,
    "새벽": 0.48731466646210997,
    "전체": 0.48567479506423433,
    "바마": 0.48395439918836963,
    "중독": 0.4795730329349694,
    "주인공": 0.4790467886333577,
    "로제": 0.4789902145640214,
    "미래": 0.4778648494119655,
    "승승": 0.47756885960293705,
    "환생": 0.47471275976159605,
    "요즘": 0.4655089596662663,
    "속도": 0.46454086854553056,
    "재생": 0.4623872462889315,
    "외국": 0.4572835979073619,
    "멤버": 0.45687747069320606,
    "만뷰": 0.4558435988888924,
    "광고": 0.4557904257467505,
    "클릭": 0.4540737779469681,
    "뮤직": 0.45281800814848655,
    "기분": 0.4520277577505092,
    "일반": 0.4497328544674354,
    "처음": 0.43768997770319057,
    "장난": 0.43584942580957997,
    "관심": 0.4330658615988733,
    "예술": 0.42973302022498966,
    "이름": 0.4239524181635873,
    "넘사벽": 0.42298497097077564,
    "집중": 0.4227318518986826,
    "폭발": 0.42252771208981194,
    "인정": 0.42250051606886657,
    "평생": 0.4214627618668774,
    "음원": 0.4182365040842746,
    "예감": 0.41588921256352535,
    "숫자": 0.41538818354266727,
    "느좋": 0.4142461412648528,
    "불명": 0.41366894770390233,
    "레디": 0.41204748798967566,
    "영원": 0.4105205096938547,
    "영화": 0.4104029605051256,
    "얼굴": 0.40974774768285527,
    "역사": 0.4078773838769109,
    "진입": 0.40681606765994105,
    "파워": 0.40288963479718953,
    "계속": 0.3998288095290001,
    "역대": 0.3952522315614022,
    "이후": 0.39523869399147515,
    "심금": 0.39155280810393567,
    "덕분": 0.38999417297876726,
    "소화": 0.38914976145935876,
    "현상": 0.38824950119650903,
    "아티": 0.38741555473712574,
    "탄생": 0.384876617282544,
    "소름": 0.3845894914889456,
    "진심": 0.38399599957331976,
    "수록": 0.38301352432039015,
    "감정": 0.3824539774340032,
    "출연": 0.38189985259695647,
    "저녁": 0.3807927048842184,
    "선물": 0.38078524993174245,
    "파트": 0.3780921300443041,
    "주말": 0.36560945987273963,
    "성공": 0.35662863581312976,
    "작곡가": 0.356617777141625,
    "멜로": 0.3555619731680273,
    "자리": 0.3549726868553287,
    "더트": 0.35463234481250117,
    "명품": 0.35418224702712625,
    "팬덤": 0.35362711844663136,
    "필요": 0.35333557516510106,
    "베이": 0.3530138791029477,
    "여신": 0.34976926235158223,
    "완벽": 0.34904651883043847,
    "홧팅": 0.34895840929795996,
    "연주": 0.3483272085810761,
    "고지": 0.3477530732161882,
    "심수": 0.347384571539464,
    "노출": 0.34688055029001186,
    "개척": 0.346469483090295,
    "액션": 0.3464460133392881,
    "머슴": 0.3460261617881821,
    "명작": 0.3441132304759481,
    "영어": 0.3419778436085238,
    "진짜": 0.34053297661742904,
    "독보": 0.3370320133687618,
    "스타": 0.3342652799555095,
    "전율": 0.3336654095326935,
    "정신": 0.33127722204561716,
    "확신": 0.3274193756266127,
    "종일": 0.3244532593980135,
    "히트": 0.3239971435691241,
    "행사": 0.3237885241185431,
    "소장": 0.3229350044557948,
    "조작": 0.3192664100071527,
    "자신": 0.31496350042927346,
    "국민": 0.3081942272653986,
    "반바지": 0.3057733829341141,
    "조아": 0.30531998065606136,
    "최애": 0.2849082924711547,
    "고고": 0.26387562714729834,
    "유톱": 0.25828530050050325,
    "리스": 0.2288316483044069,
    "와이": 0.21881358275778584
}