{
    "사랑": 5.849881171329861,
    "캐럿": 2.6558607017308584,
    "세븐": 2.3570137810158815,
    "동그라미": 1.7095542859011768,
    "행복": 1.6362861484785425,
    "생일": 1.3617404140234028,
    "축하": 1.345566332629193,
    "손끝": 1.0602496117677696,
    "노래": 1.0189550318111613,
    "감동": 0.8752755954719788,
    "이번": 0.8488008250097581,
    "그날": 0.7547888388979492,
    "눈물": 0.7112973800238833,
    "표현": 0.6747021541039308,
    "라라": 0.6731314845351923,
    "인기": 0.6635148260810608,
    "생각": 0.650885032710732,
    "선물": 0.6403214883808079,
    "세상": 0.6386858157587793,
    "음악": 0.6251076352665921,
    "영상": 0.6194525603177219,
    "마음": 0.6149996767270768,
    "시간": 0.5982515885450712,
    "하루": 0.5926873580833427,
    "이벤": 0.5285915854720706,
    "존재": 0.5104077405979845,
    "정도": 0.4957762130206121,
    "가사": 0.454218010501035,
    "응원": 0.4352576366273898,
    "영원": 0.39514213345264115,
    "멤버": 0.37049247827421705,
    "감사": 0.3686125044987684,
    "진심": 0.3401647097141887,
    "자랑": 0.30639536947307755,
    "덕분": 0.2255802261030791
}